id,title,year,image,genre
"1","est cupiditate quisquam",2018,"https://s3-us-west-1.amazonaws.com/moovi-images/16.jpeg","action"
"2","cupiditate itaque nulla",2019,"https://s3-us-west-1.amazonaws.com/moovi-images/16.jpeg","comedy"
"3","cum quisquam repellendus",2019,"https://s3-us-west-1.amazonaws.com/moovi-images/13.jpeg","action"
"4","nobis rerum minima",2019,"https://s3-us-west-1.amazonaws.com/moovi-images/3.jpeg","action"
"5","est corporis magni",2019,"https://s3-us-west-1.amazonaws.com/moovi-images/11.jpeg","horror"
"6","et aut et",2018,"https://s3-us-west-1.amazonaws.com/moovi-images/10.jpeg","comedy"
"7","ut blanditiis aspernatur",2019,"https://s3-us-west-1.amazonaws.com/moovi-images/11.jpeg","documentary"
"8","recusandae quia qui",2019,"https://s3-us-west-1.amazonaws.com/moovi-images/18.jpeg","comedy"
"9","nam et enim",2018,"https://s3-us-west-1.amazonaws.com/moovi-images/6.jpeg","action"
"10","voluptatem dignissimos totam",2019,"https://s3-us-west-1.amazonaws.com/moovi-images/13.jpeg","comedy"
"11","occaecati aut quia",2019,"https://s3-us-west-1.amazonaws.com/moovi-images/18.jpeg","documentary"
"12","consectetur voluptatibus doloremque",2018,"https://s3-us-west-1.amazonaws.com/moovi-images/17.jpeg","action"
"13","possimus quo voluptatum",2019,"https://s3-us-west-1.amazonaws.com/moovi-images/2.jpeg","action"
"14","id provident deserunt",2019,"https://s3-us-west-1.amazonaws.com/moovi-images/8.jpeg","romance"
"15","alias quidem quibusdam",2019,"https://s3-us-west-1.amazonaws.com/moovi-images/5.jpeg","horror"
"16","tempora labore inventore",2019,"https://s3-us-west-1.amazonaws.com/moovi-images/13.jpeg","documentary"
"17","aut ratione ea",2018,"https://s3-us-west-1.amazonaws.com/moovi-images/9.jpeg","horror"
"18","dolorum officia necessitatibus",2019,"https://s3-us-west-1.amazonaws.com/moovi-images/7.jpeg","romance"
"19","natus accusantium quia",2019,"https://s3-us-west-1.amazonaws.com/moovi-images/11.jpeg","action"
"20","eaque consequatur perferendis",2018,"https://s3-us-west-1.amazonaws.com/moovi-images/13.jpeg","documentary"
"21","beatae minus dolor",2019,"https://s3-us-west-1.amazonaws.com/moovi-images/5.jpeg","documentary"
"22","minus harum ut",2019,"https://s3-us-west-1.amazonaws.com/moovi-images/20.jpeg","action"
"23","reprehenderit maiores quia",2018,"https://s3-us-west-1.amazonaws.com/moovi-images/19.jpeg","horror"
"24","occaecati quas voluptatem",2019,"https://s3-us-west-1.amazonaws.com/moovi-images/8.jpeg","romance"
"25","iste corrupti laboriosam",2018,"https://s3-us-west-1.amazonaws.com/moovi-images/7.jpeg","horror"
"26","rerum sit quisquam",2019,"https://s3-us-west-1.amazonaws.com/moovi-images/11.jpeg","romance"
"27","omnis alias occaecati",2019,"https://s3-us-west-1.amazonaws.com/moovi-images/14.jpeg","action"
"28","atque illum occaecati",2019,"https://s3-us-west-1.amazonaws.com/moovi-images/10.jpeg","horror"
"29","minus et autem",2019,"https://s3-us-west-1.amazonaws.com/moovi-images/5.jpeg","comedy"
"30","impedit soluta doloremque",2019,"https://s3-us-west-1.amazonaws.com/moovi-images/14.jpeg","horror"
"31","voluptas provident dignissimos",2019,"https://s3-us-west-1.amazonaws.com/moovi-images/12.jpeg","documentary"
"32","repudiandae quia voluptas",2019,"https://s3-us-west-1.amazonaws.com/moovi-images/13.jpeg","action"
"33","temporibus explicabo est",2019,"https://s3-us-west-1.amazonaws.com/moovi-images/8.jpeg","horror"
"34","ad rerum deleniti",2019,"https://s3-us-west-1.amazonaws.com/moovi-images/15.jpeg","action"
"35","officia sint architecto",2019,"https://s3-us-west-1.amazonaws.com/moovi-images/5.jpeg","horror"
"36","error aliquam voluptatem",2019,"https://s3-us-west-1.amazonaws.com/moovi-images/16.jpeg","horror"
"37","numquam voluptatem dicta",2019,"https://s3-us-west-1.amazonaws.com/moovi-images/17.jpeg","comedy"
"38","omnis facere vel",2019,"https://s3-us-west-1.amazonaws.com/moovi-images/19.jpeg","romance"
"39","accusamus distinctio minima",2019,"https://s3-us-west-1.amazonaws.com/moovi-images/20.jpeg","comedy"
"40","corrupti provident sunt",2019,"https://s3-us-west-1.amazonaws.com/moovi-images/1.jpeg","documentary"
"41","et sapiente est",2019,"https://s3-us-west-1.amazonaws.com/moovi-images/20.jpeg","comedy"
"42","qui et nemo",2019,"https://s3-us-west-1.amazonaws.com/moovi-images/1.jpeg","comedy"
"43","consequatur minima cumque",2019,"https://s3-us-west-1.amazonaws.com/moovi-images/17.jpeg","action"
"44","nulla ipsum mollitia",2019,"https://s3-us-west-1.amazonaws.com/moovi-images/14.jpeg","action"
"45","et totam aliquid",2019,"https://s3-us-west-1.amazonaws.com/moovi-images/20.jpeg","romance"
"46","aliquam illum qui",2019,"https://s3-us-west-1.amazonaws.com/moovi-images/10.jpeg","romance"
"47","sed dolorem sunt",2019,"https://s3-us-west-1.amazonaws.com/moovi-images/11.jpeg","documentary"
"48","non consequatur consequatur",2019,"https://s3-us-west-1.amazonaws.com/moovi-images/17.jpeg","horror"
"49","quod voluptatum delectus",2019,"https://s3-us-west-1.amazonaws.com/moovi-images/11.jpeg","comedy"
"50","unde eligendi voluptas",2019,"https://s3-us-west-1.amazonaws.com/moovi-images/7.jpeg","documentary"
"51","repellendus laudantium aut",2019,"https://s3-us-west-1.amazonaws.com/moovi-images/1.jpeg","romance"
"52","omnis aut et",2019,"https://s3-us-west-1.amazonaws.com/moovi-images/3.jpeg","action"
"53","odio qui sit",2019,"https://s3-us-west-1.amazonaws.com/moovi-images/14.jpeg","horror"
"54","rerum qui nam",2019,"https://s3-us-west-1.amazonaws.com/moovi-images/14.jpeg","comedy"
"55","consectetur sed nulla",2019,"https://s3-us-west-1.amazonaws.com/moovi-images/15.jpeg","romance"
"56","optio earum quidem",2019,"https://s3-us-west-1.amazonaws.com/moovi-images/8.jpeg","comedy"
"57","rem quos dicta",2018,"https://s3-us-west-1.amazonaws.com/moovi-images/19.jpeg","comedy"
"58","provident et enim",2019,"https://s3-us-west-1.amazonaws.com/moovi-images/3.jpeg","action"
"59","ipsa a reiciendis",2019,"https://s3-us-west-1.amazonaws.com/moovi-images/12.jpeg","horror"
"60","iure consectetur reiciendis",2019,"https://s3-us-west-1.amazonaws.com/moovi-images/14.jpeg","action"
"61","quia ad possimus",2019,"https://s3-us-west-1.amazonaws.com/moovi-images/18.jpeg","documentary"
"62","cumque excepturi deleniti",2019,"https://s3-us-west-1.amazonaws.com/moovi-images/8.jpeg","action"
"63","itaque rerum possimus",2019,"https://s3-us-west-1.amazonaws.com/moovi-images/3.jpeg","romance"
"64","dolorum aliquam et",2018,"https://s3-us-west-1.amazonaws.com/moovi-images/11.jpeg","documentary"
"65","explicabo at voluptatem",2019,"https://s3-us-west-1.amazonaws.com/moovi-images/6.jpeg","comedy"
"66","voluptatem et et",2019,"https://s3-us-west-1.amazonaws.com/moovi-images/8.jpeg","documentary"
"67","odio voluptatibus fuga",2018,"https://s3-us-west-1.amazonaws.com/moovi-images/11.jpeg","comedy"
"68","excepturi architecto est",2018,"https://s3-us-west-1.amazonaws.com/moovi-images/14.jpeg","documentary"
"69","omnis modi iure",2018,"https://s3-us-west-1.amazonaws.com/moovi-images/5.jpeg","comedy"
"70","aspernatur voluptatibus ut",2019,"https://s3-us-west-1.amazonaws.com/moovi-images/11.jpeg","action"
"71","aut nam fuga",2019,"https://s3-us-west-1.amazonaws.com/moovi-images/6.jpeg","horror"
"72","libero totam maiores",2019,"https://s3-us-west-1.amazonaws.com/moovi-images/14.jpeg","action"
"73","eligendi non ut",2019,"https://s3-us-west-1.amazonaws.com/moovi-images/5.jpeg","romance"
"74","non consequatur est",2019,"https://s3-us-west-1.amazonaws.com/moovi-images/19.jpeg","horror"
"75","quia et impedit",2019,"https://s3-us-west-1.amazonaws.com/moovi-images/6.jpeg","documentary"
"76","nihil consequuntur veniam",2019,"https://s3-us-west-1.amazonaws.com/moovi-images/7.jpeg","horror"
"77","tempore porro nihil",2018,"https://s3-us-west-1.amazonaws.com/moovi-images/15.jpeg","romance"
"78","fugiat numquam et",2019,"https://s3-us-west-1.amazonaws.com/moovi-images/9.jpeg","documentary"
"79","officia cumque et",2019,"https://s3-us-west-1.amazonaws.com/moovi-images/17.jpeg","comedy"
"80","architecto minima voluptas",2018,"https://s3-us-west-1.amazonaws.com/moovi-images/11.jpeg","romance"
"81","rerum ut quia",2019,"https://s3-us-west-1.amazonaws.com/moovi-images/13.jpeg","comedy"
"82","iure id aperiam",2019,"https://s3-us-west-1.amazonaws.com/moovi-images/18.jpeg","romance"
"83","esse repellat eligendi",2019,"https://s3-us-west-1.amazonaws.com/moovi-images/20.jpeg","action"
"84","repudiandae ab odio",2019,"https://s3-us-west-1.amazonaws.com/moovi-images/1.jpeg","comedy"
"85","et ut nostrum",2019,"https://s3-us-west-1.amazonaws.com/moovi-images/2.jpeg","comedy"
"86","cupiditate inventore delectus",2019,"https://s3-us-west-1.amazonaws.com/moovi-images/20.jpeg","comedy"
"87","nesciunt harum blanditiis",2019,"https://s3-us-west-1.amazonaws.com/moovi-images/18.jpeg","comedy"
"88","dolor neque veritatis",2019,"https://s3-us-west-1.amazonaws.com/moovi-images/16.jpeg","comedy"
"89","molestiae ab id",2018,"https://s3-us-west-1.amazonaws.com/moovi-images/18.jpeg","comedy"
"90","iusto id possimus",2019,"https://s3-us-west-1.amazonaws.com/moovi-images/18.jpeg","comedy"
"91","illo itaque beatae",2019,"https://s3-us-west-1.amazonaws.com/moovi-images/3.jpeg","romance"
"92","minima corporis aut",2019,"https://s3-us-west-1.amazonaws.com/moovi-images/19.jpeg","action"
"93","animi voluptate et",2018,"https://s3-us-west-1.amazonaws.com/moovi-images/1.jpeg","romance"
"94","quasi iusto molestiae",2019,"https://s3-us-west-1.amazonaws.com/moovi-images/18.jpeg","action"
"95","fugiat error veritatis",2019,"https://s3-us-west-1.amazonaws.com/moovi-images/6.jpeg","action"
"96","ut pariatur quo",2019,"https://s3-us-west-1.amazonaws.com/moovi-images/1.jpeg","horror"
"97","laudantium corporis sequi",2018,"https://s3-us-west-1.amazonaws.com/moovi-images/12.jpeg","horror"
"98","vero temporibus voluptatem",2018,"https://s3-us-west-1.amazonaws.com/moovi-images/9.jpeg","romance"
"99","velit ratione repellendus",2018,"https://s3-us-west-1.amazonaws.com/moovi-images/20.jpeg","action"
"100","est doloribus eveniet",2019,"https://s3-us-west-1.amazonaws.com/moovi-images/13.jpeg","action"